title,description,link,board,media_url
The Vacation Rental That Doesn't Look Like a Vacation Rental,"No beige. No builder-grade anything. The Cozy Cactus in Indio CA is a family vacation rental with a community pool, private hot tub, putting green, and an outdoor space designed to feel like yours. Walking distance to Coachella and Stagecoach. Book direct at https://indigopalm.co/cozy-cactus",https://indigopalm.co/cozy-cactus,Vacation Rental Design,https://indigopalm.co/blog/images/cozy-cactus-exterior.jpg
Hot Tub. Desert Stars. No Checkout Line.,"Private hot tub in the Coachella Valley, no resort fee required. The Cozy Cactus in Indio CA sleeps 8, has a private hot tub and community pool, and is walking distance to the polo grounds. The kind of backyard you don't want to leave. https://indigopalm.co/cozy-cactus",https://indigopalm.co/cozy-cactus,Desert Getaways,https://indigopalm.co/blog/images/cozy-cactus-hot-tub.jpg
Backyard Hot Tub Near Coachella. Sleeps 8.,"Hot tub, putting green, covered patio, palm trees. The Cozy Cactus is a family vacation rental in Indio CA that's walking distance to the Coachella polo grounds. Community pool across the street. No resort markup. Just your group and the desert. https://indigopalm.co/cozy-cactus",https://indigopalm.co/cozy-cactus,Desert Getaways,https://indigopalm.co/blog/images/cozy-cactus-backyard.jpg
The Patio You'll Eat Every Meal On,"Covered patio, string lights, desert air that cools down the moment the sun dips. Families at The Cozy Cactus in Indio CA end up outside for most of the trip. Pool a few steps away. Coachella grounds walking distance. Sleeps 8. https://indigopalm.co/cozy-cactus",https://indigopalm.co/cozy-cactus,Vacation Rental Design,https://indigopalm.co/blog/images/cozy-cactus-patio.jpg
What a Family Rental Looks Like When Someone Actually Tried,"Teal, terracotta, pineapple yellow. A kilim rug that grounds it all. The Cozy Cactus was designed to be bold without being loud, comfortable for a family of 8, and photographable in every corner. Indio CA, 10 minutes from everything. https://indigopalm.co/blog/cozy-cactus-story.html",https://indigopalm.co/blog/cozy-cactus-story.html,Vacation Rental Design,https://indigopalm.co/blog/images/cozy-cactus-living-room.jpg
Coachella 2026 House Rental Walking Distance,"Skip the hotel. The Cozy Cactus in Indio sleeps 8, has a private hot tub and community pool, and is walking distance to the polo grounds. No surge pricing, no checkout panic. Your group, your backyard, your pace. Book direct and save. https://indigopalm.co/cozy-cactus",https://indigopalm.co/cozy-cactus,Coachella Accommodation,https://indigopalm.co/blog/images/cozy-cactus-backyard.jpg
Where to Stay for Coachella 2026 (Not a Hotel),"Two miles from Empire Polo Club. Hot tub, community pool, sleeping 8. The Cozy Cactus in Indio is the Coachella base camp that actually feels like a vacation. Full guide on where to stay: https://indigopalm.co/blog/where-to-stay-coachella-2026/",https://indigopalm.co/blog/where-to-stay-coachella-2026/,Coachella Accommodation,https://indigopalm.co/blog/images/cozy-cactus-exterior.jpg
Stagecoach 2026 Rental with Private Hot Tub,"Post-concert soak under desert stars. The Cozy Cactus is walking distance to Stagecoach, sleeps 8, private hot tub included. No rideshare math, no resort fees. Just your crew and your backyard. Book direct: https://indigopalm.co/cozy-cactus",https://indigopalm.co/cozy-cactus,Coachella Accommodation,https://indigopalm.co/blog/images/cozy-cactus-hot-tub.jpg
Indio Vacation Rental Near Coachella Sleeps 8,"Covered patio, hot tub, putting green, community pool across the street. Two miles to the polo grounds. The Cozy Cactus is how eight people do Coachella without the logistics becoming the trip. https://indigopalm.co/cozy-cactus",https://indigopalm.co/cozy-cactus,Coachella Accommodation,https://indigopalm.co/blog/images/cozy-cactus-patio.jpg
What to Do Between Coachella Weekends in Indio,"You've got a week between weekends and the desert is right there. Salton Sea, Joshua Tree, the Coachella Valley Preserve, tacos worth the detour. The in-between guide: https://indigopalm.co/blog/indio-between-coachella-weekends.html",https://indigopalm.co/blog/indio-between-coachella-weekends.html,Coachella Accommodation,https://indigopalm.co/blog/images/coachella-valley-preserve.webp
The Backyard People Come Back For,"Putting green, covered patio, hot tub, palm trees. This is The Cozy Cactus — a family-friendly vacation rental in Indio CA with a community pool across the street and a backyard built for real vacation mode. https://indigopalm.co/cozy-cactus",https://indigopalm.co/cozy-cactus,Vacation Rental Design,https://indigopalm.co/blog/images/cozy-cactus-patio.jpg
Your Morning. Your Pace. No Checkout Line.,"Hotel lobbies aren't the move when you can wake up to your own coffee bar, local roaster in hand, zero clock to watch. The Cozy Cactus in Indio CA — slow mornings are part of the deal. https://indigopalm.co/blog/cozy-cactus-what-i-built.html",https://indigopalm.co/blog/cozy-cactus-what-i-built.html,Vacation Rental Host Tips,https://indigopalm.co/blog/images/cozy-cactus-living-room.jpg
What Nobody Tells You About Palm Springs,"Not the resort-pool guide. The actual one — mid-century architecture routes, tacos worth driving for, the 10am magic hour before it hits 95. Built by someone who stays here often enough to know what locals skip and what they don't. https://indigopalm.co/blog/coachella-valley-insider-guide.html",https://indigopalm.co/blog/coachella-valley-insider-guide.html,Palm Springs Travel Guide,https://indigopalm.co/blog/images/ps-street-bougainvillea.jpg
Hot Tub Under Desert Stars After a Long Day,"Community pool across the street, private hot tub in the backyard. The Cozy Cactus in Indio CA — a family vacation rental designed for the kind of evening where no one wants to go inside. https://indigopalm.co/cozy-cactus",https://indigopalm.co/cozy-cactus,Desert Getaways,https://indigopalm.co/blog/images/cozy-cactus-hot-tub.jpg
5 Coffee Shops Palm Springs Locals Actually Go To,"Skip the hotel lobby drip. Palm Springs has a real specialty coffee scene. Curated by someone with enough stays to have a regular order at all five. Full guide: https://indigopalm.co/blog/palm-springs-coffee-guide.html",https://indigopalm.co/blog/palm-springs-coffee-guide.html,Palm Springs Travel Guide,https://indigopalm.co/blog/images/ps-boulevard-palms-mountains.jpg
Blank Rooms Don't Book. Here's What We Did.,"Nobody books a beige room. The layered rug, the accent pillow in a color that shouldn't work but does — these are the decisions that turned The Cozy Cactus from a blank house into a property guests come back to. https://indigopalm.co/blog/cozy-cactus-origin-story.html",https://indigopalm.co/blog/cozy-cactus-origin-story.html,Vacation Rental Host Tips,https://indigopalm.co/blog/images/cozy-cactus-living-room.jpg
The Coachella Valley Is Bigger Than the Festival,"Joshua Tree 45 minutes east. Palm Springs 30 minutes west. Salton Sea at sunrise if you're up for it. Base yourself at The Cozy Cactus in Indio CA and the whole desert is yours. https://indigopalm.co/blog/coachella-valley-insider-guide.html",https://indigopalm.co/blog/coachella-valley-insider-guide.html,Desert Getaways,https://indigopalm.co/blog/images/ps-desert-valley-view.jpg
Palm Springs Is Still the Most Itself Place in California,"Mid-century modern houses, vintage cars, mountains on every horizon. Palm Springs hasn't lost the plot. The day trip that always delivers. Full insider guide: https://indigopalm.co/blog/coachella-valley-insider-guide.html",https://indigopalm.co/blog/coachella-valley-insider-guide.html,Palm Springs Travel Guide,https://indigopalm.co/blog/images/ps-vintage-cadillac.jpg
Mid-Century Modern Walking Routes in Palm Springs,"Palm Springs has entire neighborhoods where every house looks like it belongs in a design magazine. The right walking route hits 40+ mid-century homes in under two miles. The guide: https://indigopalm.co/blog/coachella-valley-insider-guide.html",https://indigopalm.co/blog/coachella-valley-insider-guide.html,Palm Springs Travel Guide,https://indigopalm.co/blog/images/ps-midcentury-teal-door.jpg
The Palm Springs Nobody Photographs (but Should),"Before the heat kicks in and the tourists arrive, Palm Springs looks like this. Bougainvillea climbing every wall, mountain backdrop, zero agenda. The insider guide: https://indigopalm.co/blog/coachella-valley-insider-guide.html",https://indigopalm.co/blog/coachella-valley-insider-guide.html,Palm Springs Travel Guide,https://indigopalm.co/blog/images/ps-street-bougainvillea.jpg
Palm Springs Local Guide from The Sundune,"The Palm Springs guide written by someone who actually stays there. Where locals eat, the architecture walks worth doing, and what to skip. Full guide: https://indigopalm.co/blog/palm-springs-local-guide-sundune.html",https://indigopalm.co/blog/palm-springs-local-guide-sundune.html,Palm Springs Travel Guide,https://indigopalm.co/blog/images/ps-boulevard-palms-mountains.jpg
A Week Between Coachella Weekends — What We Did,"The in-between week doesn't have to be dead time. Salton Sea at sunrise, Shields Date Garden, the Coachella Valley Preserve, a tamale from somewhere you'd never find on your own. https://indigopalm.co/blog/indio-between-coachella-weekends.html",https://indigopalm.co/blog/indio-between-coachella-weekends.html,Coachella Valley Local Guide,https://indigopalm.co/blog/images/salton-sea.webp
Indio Hidden Gems Most Tourists Miss Completely,"Indio isn't just the festival town. Papa Headz for barbecue, One Stop Taco Shop, Rosemary Hi-Fi on a Friday night. The local guide built from actually living near here: https://indigopalm.co/blog/indio-local-gems.html",https://indigopalm.co/blog/indio-local-gems.html,Coachella Valley Local Guide,https://indigopalm.co/blog/images/indio-local-gems.jpg
How I Bought My First Vacation Rental at 30,"The HELOC, the Zillow spiral, the moment I realized I was actually doing this. The full origin story of The Cozy Cactus and why I built it the way I did: https://indigopalm.co/blog/cozy-cactus-origin-story.html",https://indigopalm.co/blog/cozy-cactus-origin-story.html,Vacation Rental Host Tips,https://indigopalm.co/blog/images/ps-desert-moonrise.jpg
