title,description,link,board,image_url
Where Families Create Desert Memories That Last,Create unforgettable family memories at The Cozy Cactus. This spacious vacation rental sleeps 8 with shared pool private hot tub and private putting green. Walking distance to Coachella 20 minutes from downtown Palm Springs easy access to Joshua Tree. Perfect for multi-gen getaways and desert adventures.,https://bit.ly/indigopalm-cozycactus,Family Vacation Ideas,https://indigopalm.co/images/1TW_DZ5A8774web.jpg
Walk to Coachella Walk Home Safe,Your Coachella home base in Indio. The Cozy Cactus is literally walking distance to festival grounds. No Uber surge pricing no designated driver needed. Sleeps 8 with private hot tub putting green shared pool. 20 min from Palm Springs. Perfect for festival crews and family groups.,https://bit.ly/indigopalm-cozycactus,Coachella Accommodation,https://indigopalm.co/images/22TW__DZ5A8656web.jpg
Tee Off at Sunset in Your Private Desert Backyard,Private putting green at The Cozy Cactus in Indio. Practice your swing before hitting Palm Springs legendary golf courses. This family-friendly backyard features full putting green hot tub patio lounging. All walking distance to Coachella. Perfect for golfers families and groups of 8.,https://bit.ly/indigopalm-cozycactus,Family Vacation Ideas,https://indigopalm.co/images/DSC00297_edited.jpg
Golf Hot Tub Repeat Your Backyard Paradise,The ultimate backyard at The Cozy Cactus. Private putting green hot tub covered patio and mountain views. Perfect for families of 8 who want unique entertainment. Located in Indio walking distance to Coachella 20 min from Palm Springs golf courses.,https://bit.ly/indigopalm-cozycactus,Palm Springs Vacation Rentals,https://indigopalm.co/images/DSC00261.jpg
Hot Tub Under Desert Stars After Festival Days,Soak under the stars at The Cozy Cactus. Private hot tub with mountain views perfect for post-Coachella recovery or evening relaxation. Sleeps 8 in Indio walking distance to festival grounds. 20 min from Palm Springs. Your desert escape with unique backyard amenities.,https://bit.ly/indigopalm-cozycactus,Pool Vacation Homes,https://indigopalm.co/images/DSC00273.jpg
Where Generations Gather After Desert Adventures,Room to breathe at The Cozy Cactus. This spacious Indio vacation rental features open-concept living high ceilings and comfortable gathering spaces for 8 guests. Walking distance to Coachella 20 min from Palm Springs. Private hot tub putting green shared pool. Every generation finds their space here.,https://bit.ly/indigopalm-cozycactus,Family Vacation Ideas,https://indigopalm.co/images/10TW_DZ5A8636web.jpg
Sweet Dreams in Your Desert Sanctuary,Comfort for 8 guests at The Cozy Cactus. Spacious bedrooms with unique touches like in-room hammocks. Walking distance to Coachella festival 20 min from Palm Springs. Shared pool private hot tub putting green and patio lounging. Every room designed for rest and connection.,https://bit.ly/indigopalm-cozycactus,Family Vacation Ideas,https://indigopalm.co/images/33TW_DZ5A8744web.jpg
Every Family Detail Thoughtfully Covered,Traveling with kids? The Cozy Cactus has you covered. Organized storage bunk beds family amenities and all the little touches that make vacation easier for 8 guests. Located in Indio walking distance to Coachella 20 min from Palm Springs. Private hot tub putting green. We have thought of everything.,https://bit.ly/indigopalm-cozycactus,Family Vacation Ideas,https://indigopalm.co/images/1_4W6A1739web.jpg
Your Multi-Gen Desert Escape with Modern Comforts,Grandparents to grandkids everyone finds their happy place at The Cozy Cactus. Comfortable bedrooms shared spaces and desert views for days. Sleeps 8 in Indio walking distance to Coachella 20 min from Palm Springs. Private hot tub putting green shared pool.,https://bit.ly/indigopalm-cozycactus,Family Vacation Ideas,https://indigopalm.co/images/2TW_DZ5A8783web.jpg
Your Desert Sanctuary Steps from the Festival,Walk to Coachella return to your private oasis. The Cozy Cactus offers the perfect balance. Steps from festival grounds peaceful backyard sanctuary with hot tub and putting green. Sleeps 8 comfortably. 20 min from Palm Springs. Book your festival home base.,https://bit.ly/indigopalm-cozycactus,Coachella Accommodation,https://indigopalm.co/images/11TW_DZ5A8641web.jpg
Where Morning Coffee Meets Mountain Sunrises,Start your day on the covered patio at The Cozy Cactus. Outdoor couches mountain views and desert serenity. This Indio vacation rental sleeps 8 with private hot tub putting green shared pool. Walking distance to Coachella 20 min from Palm Springs. Your outdoor living dream awaits.,https://bit.ly/indigopalm-cozycactus,Palm Springs Vacation Rentals,https://indigopalm.co/images/DSC00306.jpg
Space to Spread Out Moments to Connect,8 guests no crowding. The Cozy Cactus gives everyone their own space while creating natural gathering spots for connection. Located in Indio walking distance to Coachella. Private hot tub putting green spacious interiors outdoor living. 20 min from Palm Springs.,https://bit.ly/indigopalm-cozycactus,Family Vacation Ideas,https://indigopalm.co/images/23TW_DZ5A8676web.jpg
