property_name,headline,description,board_name,keyword_focus,photo_file,photo_url
The Cozy Cactus,Where Families Create Desert Memories That Last,"Create unforgettable family memories at The Cozy Cactus. This spacious vacation rental sleeps 8 with shared pool, private hot tub, and private putting green. Walking distance to Coachella, 20 minutes from downtown Palm Springs, easy access to Joshua Tree. Perfect for multi-gen getaways & desert adventures.",Family Vacation Ideas,family vacation rental palm springs,Pool with yellow floaties (any pool photo),UPLOAD_TO_CANVA_FIRST
The Cozy Cactus,Walk to Coachella Walk Home Safe,"Your Coachella home base in Indio. The Cozy Cactus is literally walking distance to festival grounds—no Uber surge pricing, no designated driver needed. Sleeps 8 with private hot tub, putting green, shared pool. 20 min from Palm Springs. Perfect for festival crews & family groups.",Coachella Accommodation,coachella walking distance,82381 Cochran Drive For Web/1TW_DZ5A8774web.jpg,UPLOAD_TO_CANVA_FIRST
The Cozy Cactus,Tee Off at Sunset in Your Private Desert Backyard,"Private putting green at The Cozy Cactus in Indio. Practice your swing before hitting Palm Springs' legendary golf courses. This family-friendly backyard features full putting green, hot tub, patio lounging—all walking distance to Coachella. Perfect for golfers, families & groups of 8.",Family Vacation Ideas,palm springs golf vacation,Putting Green/DSC00297_edited.jpg,UPLOAD_TO_CANVA_FIRST
The Cozy Cactus,Golf Hot Tub Repeat Your Backyard Paradise,"The ultimate backyard at The Cozy Cactus: private putting green, hot tub, covered patio & mountain views. Perfect for families of 8 who want unique entertainment. Located in Indio, walking distance to Coachella, 20 min from Palm Springs golf courses.",Palm Springs Vacation Rentals,putting green hot tub,Putting Green/DSC00261.jpg,UPLOAD_TO_CANVA_FIRST
The Cozy Cactus,Hot Tub Under Desert Stars After Festival Days,"Soak under the stars at The Cozy Cactus. Private hot tub with mountain views, perfect for post-Coachella recovery or evening relaxation. Sleeps 8 in Indio, walking distance to festival grounds. 20 min from Palm Springs. Your desert escape with unique backyard amenities.",Pool Vacation Homes,hot tub vacation rental,Putting Green/DSC00273.jpg (evening sky),UPLOAD_TO_CANVA_FIRST
The Cozy Cactus,Where Generations Gather After Desert Adventures,"Room to breathe at The Cozy Cactus. This spacious Indio vacation rental features open-concept living, high ceilings, and comfortable gathering spaces for 8 guests. Walking distance to Coachella, 20 min from Palm Springs. Private hot tub, putting green, shared pool. Every generation finds their space here.",Family Vacation Ideas,spacious family rental,82381 Cochran Drive For Web/10TW_DZ5A8636web.jpg,UPLOAD_TO_CANVA_FIRST
The Cozy Cactus,Sweet Dreams in Your Desert Sanctuary,"Comfort for 8 guests at The Cozy Cactus. Spacious bedrooms with unique touches like in-room hammocks. Walking distance to Coachella festival, 20 min from Palm Springs. Shared pool, private hot tub, putting green & patio lounging. Every room designed for rest & connection.",Family Vacation Ideas,cozy bedrooms,82381 Cochran Drive For Web/33TW_DZ5A8744web.jpg,UPLOAD_TO_CANVA_FIRST
The Cozy Cactus,Every Family Detail Thoughtfully Covered,"Traveling with kids? The Cozy Cactus has you covered. Organized storage, bunk beds, family amenities, and all the little touches that make vacation easier for 8 guests. Located in Indio, walking distance to Coachella, 20 min from Palm Springs. Private hot tub, putting green. We've thought of everything.",Family Vacation Ideas,family friendly amenities,Coffee Bar & Family Kit Web/1_4W6A1739web.jpg,UPLOAD_TO_CANVA_FIRST
The Cozy Cactus,Your Multi-Gen Desert Escape with Modern Comforts,"Grandparents to grandkids, everyone finds their happy place at The Cozy Cactus. Comfortable bedrooms, shared spaces, and desert views for days. Sleeps 8 in Indio, walking distance to Coachella, 20 min from Palm Springs. Private hot tub, putting green, shared pool.",Family Vacation Ideas,multigenerational vacation,82381 Cochran Drive For Web/2TW_DZ5A8783web.jpg,UPLOAD_TO_CANVA_FIRST
The Cozy Cactus,Your Desert Sanctuary Steps from the Festival,"Walk to Coachella, return to your private oasis. The Cozy Cactus offers the perfect balance: steps from festival grounds, peaceful backyard sanctuary with hot tub & putting green. Sleeps 8 comfortably. 20 min from Palm Springs. Book your festival home base.",Coachella Accommodation,festival walking distance,82381 Cochran Drive For Web/1TW_DZ5A8774web.jpg,UPLOAD_TO_CANVA_FIRST
The Cozy Cactus,Where Morning Coffee Meets Mountain Sunrises,"Start your day on the covered patio at The Cozy Cactus. Outdoor couches, mountain views, and desert serenity. This Indio vacation rental sleeps 8 with private hot tub, putting green, shared pool. Walking distance to Coachella, 20 min from Palm Springs. Your outdoor living dream.",Palm Springs Vacation Rentals,outdoor living patio,Putting Green/DSC00306.jpg,UPLOAD_TO_CANVA_FIRST
The Cozy Cactus,Space to Spread Out Moments to Connect,"8 guests, no crowding. The Cozy Cactus gives everyone their own space while creating natural gathering spots for connection. Located in Indio, walking distance to Coachella. Private hot tub, putting green, spacious interiors, outdoor living. 20 min from Palm Springs.",Family Vacation Ideas,spacious vacation rental,82381 Cochran Drive For Web/10TW_DZ5A8636web.jpg,UPLOAD_TO_CANVA_FIRST
